{"name":"To update personal information First name in the  user account","id":"online-shopping;to-update-personal-information-first-name-in-the--user-account","testSteps":[{"number":1,"description":"1: To update personal information First name in the  user account ({username\u003dSeleniumTesting_1@gmail.com, password\u003dSelenium123, firstname\u003dNatwest})","duration":34967,"startTime":"2021-07-12T18:34:18.256318700+05:30[Asia/Calcutta]","result":"SUCCESS","precondition":false,"level":0,"lineNumber":43,"children":[{"number":2,"description":"Given A user is in Online shopping website","duration":10233,"startTime":"2021-07-12T18:34:18.264080900+05:30[Asia/Calcutta]","screenshots":[{"screenshot":"ad2082d2f802312b778ea349772bec1d1aa428f60ad24b39f06059bd1d9763fa.png","timeStamp":1626095068498}],"result":"SUCCESS","precondition":false,"level":1},{"number":3,"description":"And user clicks on Sign In link","duration":3844,"startTime":"2021-07-12T18:34:28.501075+05:30[Asia/Calcutta]","screenshots":[{"screenshot":"ad2082d2f802312b778ea349772bec1d1aa428f60ad24b39f06059bd1d9763fa.png","timeStamp":1626095068502},{"screenshot":"92220e61ef459d2eb6d723f5247fe1487e42d658168a2859da79128cb01b9789.png","timeStamp":1626095072337},{"screenshot":"92220e61ef459d2eb6d723f5247fe1487e42d658168a2859da79128cb01b9789.png","timeStamp":1626095072345}],"result":"SUCCESS","precondition":false,"level":1},{"number":4,"description":"When user enters \"SeleniumTesting_1@gmail.com\",\"Selenium123\" in the signin page","duration":1130,"startTime":"2021-07-12T18:34:32.345177600+05:30[Asia/Calcutta]","screenshots":[{"screenshot":"92220e61ef459d2eb6d723f5247fe1487e42d658168a2859da79128cb01b9789.png","timeStamp":1626095072353},{"screenshot":"372b5359b5f0cefb8f168b34def38ab4905aae2dad3ef5ea92de35be05b15f2e.png","timeStamp":1626095073466},{"screenshot":"372b5359b5f0cefb8f168b34def38ab4905aae2dad3ef5ea92de35be05b15f2e.png","timeStamp":1626095073475}],"result":"SUCCESS","precondition":false,"level":1},{"number":5,"description":"And user click on Signin button","duration":3277,"startTime":"2021-07-12T18:34:33.475244+05:30[Asia/Calcutta]","screenshots":[{"screenshot":"372b5359b5f0cefb8f168b34def38ab4905aae2dad3ef5ea92de35be05b15f2e.png","timeStamp":1626095073475},{"screenshot":"372b5359b5f0cefb8f168b34def38ab4905aae2dad3ef5ea92de35be05b15f2e.png","timeStamp":1626095073483},{"screenshot":"372b5359b5f0cefb8f168b34def38ab4905aae2dad3ef5ea92de35be05b15f2e.png","timeStamp":1626095073503},{"screenshot":"7609a4a14f1e7fc197ae3782e0b427f00520bd8ae259f53e05f848452a5c9630.png","timeStamp":1626095076744},{"screenshot":"7609a4a14f1e7fc197ae3782e0b427f00520bd8ae259f53e05f848452a5c9630.png","timeStamp":1626095076752}],"result":"SUCCESS","precondition":false,"level":1},{"number":6,"description":"Then user clicks on user profile link","duration":2187,"startTime":"2021-07-12T18:34:36.752900300+05:30[Asia/Calcutta]","screenshots":[{"screenshot":"7609a4a14f1e7fc197ae3782e0b427f00520bd8ae259f53e05f848452a5c9630.png","timeStamp":1626095076760},{"screenshot":"7609a4a14f1e7fc197ae3782e0b427f00520bd8ae259f53e05f848452a5c9630.png","timeStamp":1626095078938},{"screenshot":"7609a4a14f1e7fc197ae3782e0b427f00520bd8ae259f53e05f848452a5c9630.png","timeStamp":1626095078940}],"result":"SUCCESS","precondition":false,"level":1},{"number":7,"description":"Then user clicks on My personal information link","duration":2970,"startTime":"2021-07-12T18:34:38.940384500+05:30[Asia/Calcutta]","screenshots":[{"screenshot":"7609a4a14f1e7fc197ae3782e0b427f00520bd8ae259f53e05f848452a5c9630.png","timeStamp":1626095078949},{"screenshot":"7609a4a14f1e7fc197ae3782e0b427f00520bd8ae259f53e05f848452a5c9630.png","timeStamp":1626095078954},{"screenshot":"7609a4a14f1e7fc197ae3782e0b427f00520bd8ae259f53e05f848452a5c9630.png","timeStamp":1626095078972},{"screenshot":"965aadffe44819ba7f6c3ae72ba5a8c13221edfbf2c1debabceafd98b6c06a4b.png","timeStamp":1626095081904},{"screenshot":"965aadffe44819ba7f6c3ae72ba5a8c13221edfbf2c1debabceafd98b6c06a4b.png","timeStamp":1626095081910}],"result":"SUCCESS","precondition":false,"level":1},{"number":8,"description":"And user updates \"Natwest\" and enters \"Selenium123\"","duration":1563,"startTime":"2021-07-12T18:34:41.918959600+05:30[Asia/Calcutta]","screenshots":[{"screenshot":"965aadffe44819ba7f6c3ae72ba5a8c13221edfbf2c1debabceafd98b6c06a4b.png","timeStamp":1626095081921},{"screenshot":"5f6c5b91411af2512960bf05a91751a6fadeb0605a2b48edb78efbfbe3258d16.png","timeStamp":1626095082731},{"screenshot":"5f6c5b91411af2512960bf05a91751a6fadeb0605a2b48edb78efbfbe3258d16.png","timeStamp":1626095082759},{"screenshot":"3320bbe3b5597ccaee35373e7d49d37ed904bbf6d31e7199f6638ca7c1519767.png","timeStamp":1626095083478},{"screenshot":"3320bbe3b5597ccaee35373e7d49d37ed904bbf6d31e7199f6638ca7c1519767.png","timeStamp":1626095083482}],"result":"SUCCESS","precondition":false,"level":1},{"number":9,"description":"And user clicks on Save button","duration":2560,"startTime":"2021-07-12T18:34:43.482558400+05:30[Asia/Calcutta]","screenshots":[{"screenshot":"3320bbe3b5597ccaee35373e7d49d37ed904bbf6d31e7199f6638ca7c1519767.png","timeStamp":1626095083490},{"screenshot":"f13c954410822f6dcb74d028ecc0d625e1dc2fe2c4070f6afa52689a0031d461.png","timeStamp":1626095086036},{"screenshot":"f13c954410822f6dcb74d028ecc0d625e1dc2fe2c4070f6afa52689a0031d461.png","timeStamp":1626095086043}],"result":"SUCCESS","precondition":false,"level":1},{"number":10,"description":"Then verify the successful update message","duration":574,"startTime":"2021-07-12T18:34:46.043179600+05:30[Asia/Calcutta]","screenshots":[{"screenshot":"f13c954410822f6dcb74d028ecc0d625e1dc2fe2c4070f6afa52689a0031d461.png","timeStamp":1626095086051},{"screenshot":"f13c954410822f6dcb74d028ecc0d625e1dc2fe2c4070f6afa52689a0031d461.png","timeStamp":1626095086609},{"screenshot":"f13c954410822f6dcb74d028ecc0d625e1dc2fe2c4070f6afa52689a0031d461.png","timeStamp":1626095086617}],"result":"SUCCESS","precondition":false,"level":1},{"number":11,"description":"Then user signout from the website","duration":6593,"startTime":"2021-07-12T18:34:46.617953400+05:30[Asia/Calcutta]","screenshots":[{"screenshot":"f13c954410822f6dcb74d028ecc0d625e1dc2fe2c4070f6afa52689a0031d461.png","timeStamp":1626095086617},{"screenshot":"92220e61ef459d2eb6d723f5247fe1487e42d658168a2859da79128cb01b9789.png","timeStamp":1626095092420}],"result":"SUCCESS","precondition":false,"level":1}]}],"userStory":{"id":"online-shopping","storyName":"Online shopping","path":"file:///C:/Users/Mohan/eclipse-workspace/com.natwest.exercise/src/test/resources/Features/Automationexercise.feature","type":"feature"},"featureTag":{"name":"Online shopping","type":"feature","displayName":"Online shopping"},"title":"To update personal information First name in the  user account","description":"","tags":[{"name":"UpdateFirstname","type":"tag","displayName":"UpdateFirstname"},{"name":"Online shopping","type":"feature","displayName":"Online shopping"}],"startTime":"2021-07-12T18:34:18.225060100+05:30[Asia/Calcutta]","duration":34999,"projectKey":"","isManualTestingUpToDate":false,"dataTable":{"headers":["username","password","firstname"],"rows":[{"values":["SeleniumTesting_1@gmail.com","Selenium123","Natwest"],"lineNumber":43,"result":"SUCCESS"}],"predefinedRows":true,"scenarioOutline":"Given A user is in Online shopping website\n\rAnd user clicks on Sign In link\n\rWhen user enters \"\u003cusername\u003e\",\"\u003cpassword\u003e\" in the signin page\n\rAnd user click on Signin button\n\rThen user clicks on user profile link\n\rThen user clicks on My personal information link\n\rAnd user updates \"\u003cfirstname\u003e\" and enters \"\u003cpassword\u003e\"\n\rAnd user clicks on Save button\n\rThen verify the successful update message\n\rThen user signout from the website\n\r","dataSetDescriptors":[{"startRow":0,"rowCount":0,"name":"","description":""}]},"manual":false,"testSource":"Cucumber","result":"SUCCESS","scenarioOutline":"Given A user is in Online shopping website\r\nAnd user clicks on Sign In link\r\nWhen user enters \"\u003cusername\u003e\",\"\u003cpassword\u003e\" in the signin page\r\nAnd user click on Signin button\r\nThen user clicks on user profile link\r\nThen user clicks on My personal information link\r\nAnd user updates \"\u003cfirstname\u003e\" and enters \"\u003cpassword\u003e\"\r\nAnd user clicks on Save button\r\nThen verify the successful update message\r\nThen user signout from the website"}