{"name":"To order T-shirt and verify the order history","id":"online-shopping;to-order-t-shirt-and-verify-the-order-history","testSteps":[{"number":1,"description":"1: To order T-shirt and verify the order history ({username\u003dSeleniumTesting1@gmail.com, password\u003dSelenium123, category\u003dT-shirt})","duration":62687,"startTime":"2021-07-12T18:00:57.567873100+05:30[Asia/Calcutta]","result":"SUCCESS","precondition":false,"level":0,"lineNumber":25,"children":[{"number":2,"description":"Given A user is in Online shopping website","duration":15432,"startTime":"2021-07-12T18:00:57.583593400+05:30[Asia/Calcutta]","screenshots":[{"screenshot":"ad2082d2f802312b778ea349772bec1d1aa428f60ad24b39f06059bd1d9763fa.png","timeStamp":1626093073015}],"result":"SUCCESS","precondition":false,"level":1},{"number":3,"description":"And user clicks on Sign In link","duration":3138,"startTime":"2021-07-12T18:01:13.035252600+05:30[Asia/Calcutta]","screenshots":[{"screenshot":"ad2082d2f802312b778ea349772bec1d1aa428f60ad24b39f06059bd1d9763fa.png","timeStamp":1626093073039},{"screenshot":"92220e61ef459d2eb6d723f5247fe1487e42d658168a2859da79128cb01b9789.png","timeStamp":1626093076173}],"result":"SUCCESS","precondition":false,"level":1},{"number":4,"description":"When user enters \"SeleniumTesting1@gmail.com\",\"Selenium123\" in the signin page","duration":918,"startTime":"2021-07-12T18:01:16.173360100+05:30[Asia/Calcutta]","screenshots":[{"screenshot":"92220e61ef459d2eb6d723f5247fe1487e42d658168a2859da79128cb01b9789.png","timeStamp":1626093076190},{"screenshot":"87f83b70ed43ae3b0e2f613e80689b76fd1f901809c1465dfa8321c958888e47.png","timeStamp":1626093077084},{"screenshot":"87f83b70ed43ae3b0e2f613e80689b76fd1f901809c1465dfa8321c958888e47.png","timeStamp":1626093077091}],"result":"SUCCESS","precondition":false,"level":1},{"number":5,"description":"And user click on Signin button","duration":2262,"startTime":"2021-07-12T18:01:17.091919700+05:30[Asia/Calcutta]","screenshots":[{"screenshot":"87f83b70ed43ae3b0e2f613e80689b76fd1f901809c1465dfa8321c958888e47.png","timeStamp":1626093077091},{"screenshot":"87f83b70ed43ae3b0e2f613e80689b76fd1f901809c1465dfa8321c958888e47.png","timeStamp":1626093077121},{"screenshot":"9c374fbaddb1a8e9a2c5b7e7298aacee7de3a74d297aebe066ba38e2f3cb223b.png","timeStamp":1626093079354}],"result":"SUCCESS","precondition":false,"level":1},{"number":6,"description":"Then user enters \"T-shirt\" in the searchbox","duration":3667,"startTime":"2021-07-12T18:01:19.354019400+05:30[Asia/Calcutta]","screenshots":[{"screenshot":"9c374fbaddb1a8e9a2c5b7e7298aacee7de3a74d297aebe066ba38e2f3cb223b.png","timeStamp":1626093079354},{"screenshot":"292d07f059e89db3092e01ce70bd08594b6cdc461236b0485cb6108a2a083773.png","timeStamp":1626093079952},{"screenshot":"1dcc56f77e5b5281b985b7ac6bf76fc1fa99bc4d8094ad40b34057e2a1cdc9a5.png","timeStamp":1626093083014},{"screenshot":"1dcc56f77e5b5281b985b7ac6bf76fc1fa99bc4d8094ad40b34057e2a1cdc9a5.png","timeStamp":1626093083021}],"result":"SUCCESS","precondition":false,"level":1},{"number":7,"description":"And user clicks on Add to cart button","duration":2075,"startTime":"2021-07-12T18:01:23.021980700+05:30[Asia/Calcutta]","screenshots":[{"screenshot":"1dcc56f77e5b5281b985b7ac6bf76fc1fa99bc4d8094ad40b34057e2a1cdc9a5.png","timeStamp":1626093083021},{"screenshot":"c296191bcb8a2de18a8bbacffe995393cc7866575a670507ccafb051654ed443.png","timeStamp":1626093083445},{"screenshot":"3c724c8abf4bd2a573e1d00315931a26bc6cb05288635de2f53cb93b28c0cb0c.png","timeStamp":1626093085092},{"screenshot":"3c724c8abf4bd2a573e1d00315931a26bc6cb05288635de2f53cb93b28c0cb0c.png","timeStamp":1626093085097}],"result":"SUCCESS","precondition":false,"level":1},{"number":8,"description":"Then user clicks on Proceed to checkout in cart page","duration":4432,"startTime":"2021-07-12T18:01:25.097942800+05:30[Asia/Calcutta]","screenshots":[{"screenshot":"3c724c8abf4bd2a573e1d00315931a26bc6cb05288635de2f53cb93b28c0cb0c.png","timeStamp":1626093085097},{"screenshot":"5156d94604ee395a4e390153de479c06a23823a70faeafb8993c3e62b8ffa399.png","timeStamp":1626093089525},{"screenshot":"5156d94604ee395a4e390153de479c06a23823a70faeafb8993c3e62b8ffa399.png","timeStamp":1626093089530}],"result":"SUCCESS","precondition":false,"level":1},{"number":9,"description":"And user clicks on Proceed to checkout in summary page","duration":3856,"startTime":"2021-07-12T18:01:29.537256500+05:30[Asia/Calcutta]","screenshots":[{"screenshot":"5156d94604ee395a4e390153de479c06a23823a70faeafb8993c3e62b8ffa399.png","timeStamp":1626093089540},{"screenshot":"5156d94604ee395a4e390153de479c06a23823a70faeafb8993c3e62b8ffa399.png","timeStamp":1626093089573},{"screenshot":"b57cdd461e49b3495929424cf718dd5518f0290d6ac9c2e81a2fa53017212dbf.png","timeStamp":1626093090975},{"screenshot":"d139fcd4ed134ec944261250f55c490bbdf12e74a83277cbc0dfacc43ffed281.png","timeStamp":1626093093393}],"result":"SUCCESS","precondition":false,"level":1},{"number":10,"description":"And user clicks on Proceed to checkout in address page","duration":3928,"startTime":"2021-07-12T18:01:33.393531+05:30[Asia/Calcutta]","screenshots":[{"screenshot":"d139fcd4ed134ec944261250f55c490bbdf12e74a83277cbc0dfacc43ffed281.png","timeStamp":1626093093393},{"screenshot":"d139fcd4ed134ec944261250f55c490bbdf12e74a83277cbc0dfacc43ffed281.png","timeStamp":1626093093409},{"screenshot":"d139fcd4ed134ec944261250f55c490bbdf12e74a83277cbc0dfacc43ffed281.png","timeStamp":1626093093435},{"screenshot":"d139fcd4ed134ec944261250f55c490bbdf12e74a83277cbc0dfacc43ffed281.png","timeStamp":1626093093438},{"screenshot":"2651656e2bc446a1d957df776ee691af1cf126c6564b5227de9d018dbf6277d7.png","timeStamp":1626093097321}],"result":"SUCCESS","precondition":false,"level":1},{"number":11,"description":"Then user clicks on Terms and service checkbox","duration":1841,"startTime":"2021-07-12T18:01:37.321997800+05:30[Asia/Calcutta]","screenshots":[{"screenshot":"2651656e2bc446a1d957df776ee691af1cf126c6564b5227de9d018dbf6277d7.png","timeStamp":1626093097321},{"screenshot":"2651656e2bc446a1d957df776ee691af1cf126c6564b5227de9d018dbf6277d7.png","timeStamp":1626093097338},{"screenshot":"2651656e2bc446a1d957df776ee691af1cf126c6564b5227de9d018dbf6277d7.png","timeStamp":1626093097364},{"screenshot":"4cf951e977f0dd612daca2d1ecbf2b81ed1500ac475e8fe5249972780f877204.png","timeStamp":1626093098714},{"screenshot":"ca74ab4789f3b48c318412b9133c444ae2b15c6d03bfcfaf5f9d81dc6b5730bf.png","timeStamp":1626093099163}],"result":"SUCCESS","precondition":false,"level":1},{"number":12,"description":"And user clicks on Proceed to checkout in shipping page","duration":4853,"startTime":"2021-07-12T18:01:39.163126+05:30[Asia/Calcutta]","screenshots":[{"screenshot":"ca74ab4789f3b48c318412b9133c444ae2b15c6d03bfcfaf5f9d81dc6b5730bf.png","timeStamp":1626093099163},{"screenshot":"ca74ab4789f3b48c318412b9133c444ae2b15c6d03bfcfaf5f9d81dc6b5730bf.png","timeStamp":1626093099178},{"screenshot":"ca74ab4789f3b48c318412b9133c444ae2b15c6d03bfcfaf5f9d81dc6b5730bf.png","timeStamp":1626093099199},{"screenshot":"ca74ab4789f3b48c318412b9133c444ae2b15c6d03bfcfaf5f9d81dc6b5730bf.png","timeStamp":1626093100553},{"screenshot":"44ed5b0ef988ec7918f5b5cff1d4406d8e66a61e9ae8e0de607e8479caf170fc.png","timeStamp":1626093104012},{"screenshot":"44ed5b0ef988ec7918f5b5cff1d4406d8e66a61e9ae8e0de607e8479caf170fc.png","timeStamp":1626093104016}],"result":"SUCCESS","precondition":false,"level":1},{"number":13,"description":"Then user chooses  pay by bank wire payment method","duration":3157,"startTime":"2021-07-12T18:01:44.016498300+05:30[Asia/Calcutta]","screenshots":[{"screenshot":"44ed5b0ef988ec7918f5b5cff1d4406d8e66a61e9ae8e0de607e8479caf170fc.png","timeStamp":1626093104016},{"screenshot":"44ed5b0ef988ec7918f5b5cff1d4406d8e66a61e9ae8e0de607e8479caf170fc.png","timeStamp":1626093104059},{"screenshot":"dbd9dd4514da2fbbeccdba75449536aee703d0422194b839c9e12e77921388f8.png","timeStamp":1626093105420},{"screenshot":"970944825394f8807a22611633508e3249c689b58b9165864298f4de7afd4cfe.png","timeStamp":1626093107174}],"result":"SUCCESS","precondition":false,"level":1},{"number":14,"description":"Then user confirms order","duration":5319,"startTime":"2021-07-12T18:01:47.174214500+05:30[Asia/Calcutta]","screenshots":[{"screenshot":"970944825394f8807a22611633508e3249c689b58b9165864298f4de7afd4cfe.png","timeStamp":1626093107174},{"screenshot":"970944825394f8807a22611633508e3249c689b58b9165864298f4de7afd4cfe.png","timeStamp":1626093107198},{"screenshot":"6d7cbd4c61baa00cd5d4ef8c1a4bab814b4b932af6ab16f09d494ec393effdd7.png","timeStamp":1626093108607},{"screenshot":"0e5ed281d79e794635ce3f4c8a4e80a2af07bff89db4f625c3b12dbed7793ed6.png","timeStamp":1626093112491},{"screenshot":"0e5ed281d79e794635ce3f4c8a4e80a2af07bff89db4f625c3b12dbed7793ed6.png","timeStamp":1626093112493}],"result":"SUCCESS","precondition":false,"level":1},{"number":15,"description":"Then user click on Back to orders link","duration":3722,"startTime":"2021-07-12T18:01:52.493435800+05:30[Asia/Calcutta]","screenshots":[{"screenshot":"0e5ed281d79e794635ce3f4c8a4e80a2af07bff89db4f625c3b12dbed7793ed6.png","timeStamp":1626093112493},{"screenshot":"0e5ed281d79e794635ce3f4c8a4e80a2af07bff89db4f625c3b12dbed7793ed6.png","timeStamp":1626093112518},{"screenshot":"5716487c2c087a5786105a0f4f3e35d33a6c82be4893ec298117965eb77991b9.png","timeStamp":1626093113892},{"screenshot":"3ed4aa606da5ce95bce611c350375cf9e60888093e16542664939618e07d44ce.png","timeStamp":1626093116212},{"screenshot":"3ed4aa606da5ce95bce611c350375cf9e60888093e16542664939618e07d44ce.png","timeStamp":1626093116216}],"result":"SUCCESS","precondition":false,"level":1},{"number":16,"description":"And user verify the order in the order history page","duration":421,"startTime":"2021-07-12T18:01:56.216252600+05:30[Asia/Calcutta]","screenshots":[{"screenshot":"3ed4aa606da5ce95bce611c350375cf9e60888093e16542664939618e07d44ce.png","timeStamp":1626093116216},{"screenshot":"3ed4aa606da5ce95bce611c350375cf9e60888093e16542664939618e07d44ce.png","timeStamp":1626093116635},{"screenshot":"3ed4aa606da5ce95bce611c350375cf9e60888093e16542664939618e07d44ce.png","timeStamp":1626093116637}],"result":"SUCCESS","precondition":false,"level":1},{"number":17,"description":"Then user signout from the website","duration":3617,"startTime":"2021-07-12T18:01:56.637958700+05:30[Asia/Calcutta]","screenshots":[{"screenshot":"3ed4aa606da5ce95bce611c350375cf9e60888093e16542664939618e07d44ce.png","timeStamp":1626093116637},{"screenshot":"92220e61ef459d2eb6d723f5247fe1487e42d658168a2859da79128cb01b9789.png","timeStamp":1626093119479}],"result":"SUCCESS","precondition":false,"level":1}]}],"userStory":{"id":"online-shopping","storyName":"Online shopping","path":"file:///C:/Users/Mohan/eclipse-workspace/com.natwest.exercise/src/test/resources/Features/Automationexercise.feature","type":"feature"},"featureTag":{"name":"Online shopping","type":"feature","displayName":"Online shopping"},"title":"To order T-shirt and verify the order history","description":"","tags":[{"name":"OrderTshirt","type":"tag","displayName":"OrderTshirt"},{"name":"Online shopping","type":"feature","displayName":"Online shopping"}],"startTime":"2021-07-12T18:00:57.299055100+05:30[Asia/Calcutta]","duration":62956,"projectKey":"","isManualTestingUpToDate":false,"dataTable":{"headers":["username","password","category"],"rows":[{"values":["SeleniumTesting1@gmail.com","Selenium123","T-shirt"],"lineNumber":25,"result":"SUCCESS"}],"predefinedRows":true,"scenarioOutline":"Given A user is in Online shopping website\n\rAnd user clicks on Sign In link\n\rWhen user enters \"\u003cusername\u003e\",\"\u003cpassword\u003e\" in the signin page\n\rAnd user click on Signin button\n\rThen user enters \"\u003ccategory\u003e\" in the searchbox\n\rAnd user clicks on Add to cart button\n\rThen user clicks on Proceed to checkout in cart page\n\rAnd user clicks on Proceed to checkout in summary page\n\rAnd user clicks on Proceed to checkout in address page\n\rThen user clicks on Terms and service checkbox\n\rAnd user clicks on Proceed to checkout in shipping page\n\rThen user chooses  pay by bank wire payment method\n\rThen user confirms order\n\rThen user click on Back to orders link\n\rAnd user verify the order in the order history page\n\rThen user signout from the website\n\r","dataSetDescriptors":[{"startRow":0,"rowCount":0,"name":"","description":""}]},"manual":false,"testSource":"Cucumber","result":"SUCCESS","scenarioOutline":"Given A user is in Online shopping website\r\nAnd user clicks on Sign In link\r\nWhen user enters \"\u003cusername\u003e\",\"\u003cpassword\u003e\" in the signin page\r\nAnd user click on Signin button\r\nThen user enters \"\u003ccategory\u003e\" in the searchbox\r\nAnd user clicks on Add to cart button\r\nThen user clicks on Proceed to checkout in cart page\r\nAnd user clicks on Proceed to checkout in summary page\r\nAnd user clicks on Proceed to checkout in address page\r\nThen user clicks on Terms and service checkbox\r\nAnd user clicks on Proceed to checkout in shipping page\r\nThen user chooses  pay by bank wire payment method\r\nThen user confirms order\r\nThen user click on Back to orders link\r\nAnd user verify the order in the order history page\r\nThen user signout from the website"}